<?xml version="1.0" encoding="UTF-8"?>
<!DOCTYPE suite SYSTEM "https://testng.org/testng-1.0.dtd">


<suite name="Suite" thread-count="5" parallel="tests">
  <!-- <test name="edge test">
  <parameter name="browser" value="edge"/>
    <classes>
    	
      <class name="testCases.TC_005_CTSHcheck"/>
    </classes>
  </test> -->
  
  
  <test name="chrome test">
  <parameter name="browser" value="chrome"/>
    <classes>
    	
      <class name="testCases.TC_005_CTSHcheck"/>
    </classes>
  </test> 
</suite> 
